date,sku,units,unit_cost
2025-01-01,SKU001,53,250
2025-01-02,SKU001,55,250
2025-01-03,SKU001,41,250
2025-01-04,SKU001,33,250
2025-01-05,SKU001,30,250
2025-01-06,SKU001,42,250
2025-01-07,SKU001,31,250
2025-01-08,SKU001,27,250
2025-01-09,SKU001,44,250
2025-01-10,SKU001,44,250
2025-01-11,SKU001,48,250
2025-01-12,SKU001,34,250
2025-01-13,SKU001,43,250
2025-01-14,SKU001,43,250
2025-01-15,SKU001,29,250
2025-01-16,SKU001,49,250
2025-01-17,SKU001,47,250
2025-01-18,SKU001,68,250
2025-01-19,SKU001,47,250
2025-01-20,SKU001,43,250
2025-01-21,SKU001,57,250
2025-01-22,SKU001,47,250
2025-01-23,SKU001,54,250
2025-01-24,SKU001,42,250
2025-01-25,SKU001,48,250
2025-01-26,SKU001,56,250
2025-01-27,SKU001,53,250
2025-01-28,SKU001,48,250
2025-01-29,SKU001,36,250
2025-01-30,SKU001,51,250
2025-01-31,SKU001,48,250
2025-02-01,SKU001,54,250
2025-02-02,SKU001,49,250
2025-02-03,SKU001,58,250
2025-02-04,SKU001,47,250
2025-02-05,SKU001,49,250
2025-02-06,SKU001,54,250
2025-02-07,SKU001,37,250
2025-02-08,SKU001,44,250
2025-02-09,SKU001,43,250
2025-02-10,SKU001,68,250
2025-02-11,SKU001,47,250
2025-02-12,SKU001,54,250
2025-02-13,SKU001,54,250
2025-02-14,SKU001,45,250
2025-02-15,SKU001,32,250
2025-02-16,SKU001,58,250
2025-02-17,SKU001,44,250
2025-02-18,SKU001,55,250
2025-02-19,SKU001,35,250
2025-02-20,SKU001,44,250
2025-02-21,SKU001,61,250
2025-02-22,SKU001,62,250
2025-02-23,SKU001,35,250
2025-02-24,SKU001,34,250
2025-02-25,SKU001,47,250
2025-02-26,SKU001,55,250
2025-02-27,SKU001,49,250
2025-02-28,SKU001,51,250
2025-03-01,SKU001,37,250
2025-03-02,SKU001,53,250
2025-03-03,SKU001,58,250
2025-03-04,SKU001,43,250
2025-03-05,SKU001,33,250
2025-03-06,SKU001,39,250
2025-03-07,SKU001,54,250
2025-03-08,SKU001,29,250
2025-03-09,SKU001,45,250
2025-03-10,SKU001,36,250
2025-03-11,SKU001,45,250
2025-03-12,SKU001,43,250
2025-03-13,SKU001,46,250
2025-03-14,SKU001,60,250
2025-03-15,SKU001,49,250
2025-03-16,SKU001,58,250
2025-03-17,SKU001,43,250
2025-03-18,SKU001,40,250
2025-03-19,SKU001,48,250
2025-03-20,SKU001,16,250
2025-03-21,SKU001,43,250
2025-03-22,SKU001,45,250
2025-03-23,SKU001,31,250
2025-03-24,SKU001,48,250
2025-03-25,SKU001,37,250
2025-03-26,SKU001,18,250
2025-03-27,SKU001,40,250
2025-03-28,SKU001,32,250
2025-03-29,SKU001,37,250
2025-03-30,SKU001,40,250
2025-03-31,SKU001,54,250
2025-04-01,SKU001,42,250
2025-04-02,SKU001,41,250
2025-04-03,SKU001,44,250
2025-04-04,SKU001,22,250
2025-04-05,SKU001,52,250
2025-04-06,SKU001,29,250
2025-04-07,SKU001,44,250
2025-04-08,SKU001,28,250
2025-04-09,SKU001,29,250
2025-04-10,SKU001,35,250
2025-04-11,SKU001,57,250
2025-04-12,SKU001,45,250
2025-04-13,SKU001,32,250
2025-04-14,SKU001,35,250
2025-04-15,SKU001,26,250
2025-04-16,SKU001,37,250
2025-04-17,SKU001,31,250
2025-04-18,SKU001,44,250
2025-04-19,SKU001,23,250
2025-04-20,SKU001,33,250
2025-04-21,SKU001,28,250
2025-04-22,SKU001,29,250
2025-04-23,SKU001,43,250
2025-04-24,SKU001,37,250
2025-04-25,SKU001,41,250
2025-04-26,SKU001,47,250
2025-04-27,SKU001,46,250
2025-04-28,SKU001,21,250
2025-04-29,SKU001,40,250
2025-04-30,SKU001,17,250
2025-05-01,SKU001,33,250
2025-05-02,SKU001,53,250
2025-05-03,SKU001,32,250
2025-05-04,SKU001,30,250
2025-05-05,SKU001,35,250
2025-05-06,SKU001,33,250
2025-05-07,SKU001,33,250
2025-05-08,SKU001,25,250
2025-05-09,SKU001,44,250
2025-05-10,SKU001,42,250
2025-05-11,SKU001,30,250
2025-05-12,SKU001,36,250
2025-05-13,SKU001,39,250
2025-05-14,SKU001,43,250
2025-05-15,SKU001,36,250
2025-05-16,SKU001,39,250
2025-05-17,SKU001,29,250
2025-05-18,SKU001,21,250
2025-05-19,SKU001,27,250
2025-05-20,SKU001,42,250
2025-05-21,SKU001,42,250
2025-05-22,SKU001,33,250
2025-05-23,SKU001,26,250
2025-05-24,SKU001,35,250
2025-05-25,SKU001,49,250
2025-05-26,SKU001,46,250
2025-05-27,SKU001,25,250
2025-05-28,SKU001,32,250
2025-05-29,SKU001,18,250
2025-05-30,SKU001,21,250
2025-05-31,SKU001,34,250
2025-06-01,SKU001,33,250
2025-06-02,SKU001,42,250
2025-06-03,SKU001,45,250
2025-06-04,SKU001,41,250
2025-06-05,SKU001,46,250
2025-06-06,SKU001,27,250
2025-06-07,SKU001,22,250
2025-06-08,SKU001,38,250
2025-06-09,SKU001,60,250
2025-06-10,SKU001,37,250
2025-06-11,SKU001,22,250
2025-06-12,SKU001,36,250
2025-06-13,SKU001,48,250
2025-06-14,SKU001,24,250
2025-06-15,SKU001,42,250
2025-06-16,SKU001,28,250
2025-06-17,SKU001,47,250
2025-06-18,SKU001,43,250
2025-06-19,SKU001,38,250
2025-06-20,SKU001,55,250
2025-06-21,SKU001,32,250
2025-06-22,SKU001,29,250
2025-06-23,SKU001,55,250
2025-06-24,SKU001,28,250
2025-06-25,SKU001,59,250
2025-06-26,SKU001,36,250
2025-06-27,SKU001,27,250
2025-06-28,SKU001,37,250
2025-06-29,SKU001,39,250
2025-01-01,SKU002,16,900
2025-01-02,SKU002,14,900
2025-01-03,SKU002,19,900
2025-01-04,SKU002,7,900
2025-01-05,SKU002,13,900
2025-01-06,SKU002,15,900
2025-01-07,SKU002,22,900
2025-01-08,SKU002,8,900
2025-01-09,SKU002,15,900
2025-01-10,SKU002,12,900
2025-01-11,SKU002,13,900
2025-01-12,SKU002,18,900
2025-01-13,SKU002,18,900
2025-01-14,SKU002,22,900
2025-01-15,SKU002,14,900
2025-01-16,SKU002,17,900
2025-01-17,SKU002,21,900
2025-01-18,SKU002,20,900
2025-01-19,SKU002,15,900
2025-01-20,SKU002,21,900
2025-01-21,SKU002,13,900
2025-01-22,SKU002,24,900
2025-01-23,SKU002,18,900
2025-01-24,SKU002,17,900
2025-01-25,SKU002,18,900
2025-01-26,SKU002,20,900
2025-01-27,SKU002,24,900
2025-01-28,SKU002,17,900
2025-01-29,SKU002,16,900
2025-01-30,SKU002,20,900
2025-01-31,SKU002,14,900
2025-02-01,SKU002,11,900
2025-02-02,SKU002,21,900
2025-02-03,SKU002,16,900
2025-02-04,SKU002,22,900
2025-02-05,SKU002,14,900
2025-02-06,SKU002,7,900
2025-02-07,SKU002,19,900
2025-02-08,SKU002,18,900
2025-02-09,SKU002,24,900
2025-02-10,SKU002,20,900
2025-02-11,SKU002,19,900
2025-02-12,SKU002,20,900
2025-02-13,SKU002,17,900
2025-02-14,SKU002,18,900
2025-02-15,SKU002,13,900
2025-02-16,SKU002,20,900
2025-02-17,SKU002,15,900
2025-02-18,SKU002,16,900
2025-02-19,SKU002,21,900
2025-02-20,SKU002,21,900
2025-02-21,SKU002,14,900
2025-02-22,SKU002,25,900
2025-02-23,SKU002,16,900
2025-02-24,SKU002,21,900
2025-02-25,SKU002,21,900
2025-02-26,SKU002,19,900
2025-02-27,SKU002,18,900
2025-02-28,SKU002,25,900
2025-03-01,SKU002,21,900
2025-03-02,SKU002,19,900
2025-03-03,SKU002,11,900
2025-03-04,SKU002,15,900
2025-03-05,SKU002,22,900
2025-03-06,SKU002,18,900
2025-03-07,SKU002,14,900
2025-03-08,SKU002,15,900
2025-03-09,SKU002,16,900
2025-03-10,SKU002,20,900
2025-03-11,SKU002,19,900
2025-03-12,SKU002,21,900
2025-03-13,SKU002,14,900
2025-03-14,SKU002,21,900
2025-03-15,SKU002,15,900
2025-03-16,SKU002,16,900
2025-03-17,SKU002,23,900
2025-03-18,SKU002,17,900
2025-03-19,SKU002,16,900
2025-03-20,SKU002,16,900
2025-03-21,SKU002,15,900
2025-03-22,SKU002,22,900
2025-03-23,SKU002,21,900
2025-03-24,SKU002,19,900
2025-03-25,SKU002,17,900
2025-03-26,SKU002,20,900
2025-03-27,SKU002,16,900
2025-03-28,SKU002,18,900
2025-03-29,SKU002,17,900
2025-03-30,SKU002,16,900
2025-03-31,SKU002,22,900
2025-04-01,SKU002,22,900
2025-04-02,SKU002,20,900
2025-04-03,SKU002,8,900
2025-04-04,SKU002,22,900
2025-04-05,SKU002,18,900
2025-04-06,SKU002,13,900
2025-04-07,SKU002,15,900
2025-04-08,SKU002,19,900
2025-04-09,SKU002,19,900
2025-04-10,SKU002,18,900
2025-04-11,SKU002,15,900
2025-04-12,SKU002,14,900
2025-04-13,SKU002,17,900
2025-04-14,SKU002,14,900
2025-04-15,SKU002,11,900
2025-04-16,SKU002,12,900
2025-04-17,SKU002,13,900
2025-04-18,SKU002,15,900
2025-04-19,SKU002,22,900
2025-04-20,SKU002,8,900
2025-04-21,SKU002,15,900
2025-04-22,SKU002,13,900
2025-04-23,SKU002,14,900
2025-04-24,SKU002,18,900
2025-04-25,SKU002,18,900
2025-04-26,SKU002,12,900
2025-04-27,SKU002,11,900
2025-04-28,SKU002,8,900
2025-04-29,SKU002,13,900
2025-04-30,SKU002,17,900
2025-05-01,SKU002,12,900
2025-05-02,SKU002,15,900
2025-05-03,SKU002,15,900
2025-05-04,SKU002,14,900
2025-05-05,SKU002,17,900
2025-05-06,SKU002,12,900
2025-05-07,SKU002,9,900
2025-05-08,SKU002,8,900
2025-05-09,SKU002,16,900
2025-05-10,SKU002,11,900
2025-05-11,SKU002,11,900
2025-05-12,SKU002,15,900
2025-05-13,SKU002,9,900
2025-05-14,SKU002,19,900
2025-05-15,SKU002,15,900
2025-05-16,SKU002,10,900
2025-05-17,SKU002,10,900
2025-05-18,SKU002,16,900
2025-05-19,SKU002,8,900
2025-05-20,SKU002,10,900
2025-05-21,SKU002,12,900
2025-05-22,SKU002,13,900
2025-05-23,SKU002,12,900
2025-05-24,SKU002,13,900
2025-05-25,SKU002,11,900
2025-05-26,SKU002,12,900
2025-05-27,SKU002,17,900
2025-05-28,SKU002,14,900
2025-05-29,SKU002,10,900
2025-05-30,SKU002,19,900
2025-05-31,SKU002,5,900
2025-06-01,SKU002,12,900
2025-06-02,SKU002,15,900
2025-06-03,SKU002,16,900
2025-06-04,SKU002,13,900
2025-06-05,SKU002,11,900
2025-06-06,SKU002,15,900
2025-06-07,SKU002,12,900
2025-06-08,SKU002,14,900
2025-06-09,SKU002,2,900
2025-06-10,SKU002,14,900
2025-06-11,SKU002,10,900
2025-06-12,SKU002,16,900
2025-06-13,SKU002,16,900
2025-06-14,SKU002,16,900
2025-06-15,SKU002,11,900
2025-06-16,SKU002,15,900
2025-06-17,SKU002,12,900
2025-06-18,SKU002,14,900
2025-06-19,SKU002,13,900
2025-06-20,SKU002,10,900
2025-06-21,SKU002,21,900
2025-06-22,SKU002,16,900
2025-06-23,SKU002,6,900
2025-06-24,SKU002,17,900
2025-06-25,SKU002,8,900
2025-06-26,SKU002,13,900
2025-06-27,SKU002,12,900
2025-06-28,SKU002,12,900
2025-06-29,SKU002,15,900
2025-01-01,SKU003,73,60
2025-01-02,SKU003,52,60
2025-01-03,SKU003,81,60
2025-01-04,SKU003,89,60
2025-01-05,SKU003,118,60
2025-01-06,SKU003,74,60
2025-01-07,SKU003,59,60
2025-01-08,SKU003,76,60
2025-01-09,SKU003,97,60
2025-01-10,SKU003,67,60
2025-01-11,SKU003,71,60
2025-01-12,SKU003,97,60
2025-01-13,SKU003,86,60
2025-01-14,SKU003,91,60
2025-01-15,SKU003,75,60
2025-01-16,SKU003,71,60
2025-01-17,SKU003,82,60
2025-01-18,SKU003,86,60
2025-01-19,SKU003,82,60
2025-01-20,SKU003,98,60
2025-01-21,SKU003,101,60
2025-01-22,SKU003,101,60
2025-01-23,SKU003,100,60
2025-01-24,SKU003,73,60
2025-01-25,SKU003,69,60
2025-01-26,SKU003,108,60
2025-01-27,SKU003,92,60
2025-01-28,SKU003,95,60
2025-01-29,SKU003,70,60
2025-01-30,SKU003,89,60
2025-01-31,SKU003,81,60
2025-02-01,SKU003,76,60
2025-02-02,SKU003,81,60
2025-02-03,SKU003,64,60
2025-02-04,SKU003,96,60
2025-02-05,SKU003,118,60
2025-02-06,SKU003,81,60
2025-02-07,SKU003,97,60
2025-02-08,SKU003,73,60
2025-02-09,SKU003,109,60
2025-02-10,SKU003,133,60
2025-02-11,SKU003,71,60
2025-02-12,SKU003,91,60
2025-02-13,SKU003,124,60
2025-02-14,SKU003,103,60
2025-02-15,SKU003,98,60
2025-02-16,SKU003,55,60
2025-02-17,SKU003,93,60
2025-02-18,SKU003,114,60
2025-02-19,SKU003,125,60
2025-02-20,SKU003,109,60
2025-02-21,SKU003,84,60
2025-02-22,SKU003,82,60
2025-02-23,SKU003,59,60
2025-02-24,SKU003,74,60
2025-02-25,SKU003,118,60
2025-02-26,SKU003,93,60
2025-02-27,SKU003,68,60
2025-02-28,SKU003,121,60
2025-03-01,SKU003,61,60
2025-03-02,SKU003,120,60
2025-03-03,SKU003,88,60
2025-03-04,SKU003,101,60
2025-03-05,SKU003,107,60
2025-03-06,SKU003,99,60
2025-03-07,SKU003,119,60
2025-03-08,SKU003,93,60
2025-03-09,SKU003,86,60
2025-03-10,SKU003,79,60
2025-03-11,SKU003,63,60
2025-03-12,SKU003,78,60
2025-03-13,SKU003,111,60
2025-03-14,SKU003,107,60
2025-03-15,SKU003,118,60
2025-03-16,SKU003,145,60
2025-03-17,SKU003,104,60
2025-03-18,SKU003,99,60
2025-03-19,SKU003,62,60
2025-03-20,SKU003,83,60
2025-03-21,SKU003,132,60
2025-03-22,SKU003,98,60
2025-03-23,SKU003,84,60
2025-03-24,SKU003,93,60
2025-03-25,SKU003,48,60
2025-03-26,SKU003,69,60
2025-03-27,SKU003,59,60
2025-03-28,SKU003,42,60
2025-03-29,SKU003,99,60
2025-03-30,SKU003,103,60
2025-03-31,SKU003,79,60
2025-04-01,SKU003,89,60
2025-04-02,SKU003,62,60
2025-04-03,SKU003,90,60
2025-04-04,SKU003,96,60
2025-04-05,SKU003,111,60
2025-04-06,SKU003,111,60
2025-04-07,SKU003,89,60
2025-04-08,SKU003,76,60
2025-04-09,SKU003,61,60
2025-04-10,SKU003,65,60
2025-04-11,SKU003,89,60
2025-04-12,SKU003,88,60
2025-04-13,SKU003,76,60
2025-04-14,SKU003,109,60
2025-04-15,SKU003,88,60
2025-04-16,SKU003,75,60
2025-04-17,SKU003,70,60
2025-04-18,SKU003,75,60
2025-04-19,SKU003,54,60
2025-04-20,SKU003,53,60
2025-04-21,SKU003,79,60
2025-04-22,SKU003,60,60
2025-04-23,SKU003,66,60
2025-04-24,SKU003,95,60
2025-04-25,SKU003,66,60
2025-04-26,SKU003,96,60
2025-04-27,SKU003,69,60
2025-04-28,SKU003,99,60
2025-04-29,SKU003,78,60
2025-04-30,SKU003,33,60
2025-05-01,SKU003,93,60
2025-05-02,SKU003,63,60
2025-05-03,SKU003,28,60
2025-05-04,SKU003,69,60
2025-05-05,SKU003,70,60
2025-05-06,SKU003,41,60
2025-05-07,SKU003,54,60
2025-05-08,SKU003,77,60
2025-05-09,SKU003,94,60
2025-05-10,SKU003,88,60
2025-05-11,SKU003,90,60
2025-05-12,SKU003,87,60
2025-05-13,SKU003,15,60
2025-05-14,SKU003,50,60
2025-05-15,SKU003,68,60
2025-05-16,SKU003,11,60
2025-05-17,SKU003,80,60
2025-05-18,SKU003,82,60
2025-05-19,SKU003,49,60
2025-05-20,SKU003,56,60
2025-05-21,SKU003,45,60
2025-05-22,SKU003,64,60
2025-05-23,SKU003,63,60
2025-05-24,SKU003,64,60
2025-05-25,SKU003,44,60
2025-05-26,SKU003,72,60
2025-05-27,SKU003,57,60
2025-05-28,SKU003,83,60
2025-05-29,SKU003,71,60
2025-05-30,SKU003,35,60
2025-05-31,SKU003,36,60
2025-06-01,SKU003,66,60
2025-06-02,SKU003,55,60
2025-06-03,SKU003,75,60
2025-06-04,SKU003,82,60
2025-06-05,SKU003,66,60
2025-06-06,SKU003,32,60
2025-06-07,SKU003,42,60
2025-06-08,SKU003,78,60
2025-06-09,SKU003,46,60
2025-06-10,SKU003,89,60
2025-06-11,SKU003,65,60
2025-06-12,SKU003,78,60
2025-06-13,SKU003,50,60
2025-06-14,SKU003,66,60
2025-06-15,SKU003,9,60
2025-06-16,SKU003,65,60
2025-06-17,SKU003,81,60
2025-06-18,SKU003,52,60
2025-06-19,SKU003,53,60
2025-06-20,SKU003,70,60
2025-06-21,SKU003,72,60
2025-06-22,SKU003,55,60
2025-06-23,SKU003,86,60
2025-06-24,SKU003,40,60
2025-06-25,SKU003,95,60
2025-06-26,SKU003,45,60
2025-06-27,SKU003,58,60
2025-06-28,SKU003,101,60
2025-06-29,SKU003,55,60
